id,categoria,tipo,estilo,pregunta,articulos_esperados,puntos_clave,respuesta_referencia
P01,vacaciones,respondible,coloquial,"Ya cumplí un año en la empresa, ¿cuántos días de vacaciones me tocan?",LFT:76,Al cumplir un año corresponden por lo menos 12 días laborables de vacaciones pagadas,Tienes derecho a por lo menos 12 días laborables de vacaciones pagadas.
P02,vacaciones,respondible,coloquial,"Llevo 4 años trabajando aquí, ¿cuántos días de vacaciones tengo este año?",LFT:76,"Las vacaciones aumentan dos días laborables por cada año subsecuente hasta llegar a 20 | Al cumplir 4 años corresponden 18 días laborables (12, 14, 16, 18)",Con 4 años de servicio te corresponden 18 días laborables: 12 el primer año y dos más por cada año siguiente.
P03,vacaciones,respondible,coloquial,"Mi jefe me ofrece pagarme las vacaciones en lugar de que las tome, ¿se puede?",LFT:79,Las vacaciones no pueden compensarse con una remuneración (no se pueden cambiar por dinero) | Solo si la relación termina antes del año se paga la parte proporcional,No. La ley prohíbe compensar las vacaciones con dinero; solo se pagan proporcionalmente si la relación de trabajo termina.
P04,vacaciones,respondible,formal,¿Qué es la prima vacacional y cuánto debe ser como mínimo?,LFT:80,La prima vacacional es de por lo menos 25% sobre los salarios del periodo de vacaciones,Es un pago adicional de al menos el 25% del salario que te corresponde durante tus vacaciones.
P05,vacaciones,respondible,coloquial,"Mi jefe quiere que tome mis vacaciones de un día en un día, ¿puede obligarme?",LFT:78,El trabajador debe disfrutar en forma continua por lo menos 12 días | El resto puede distribuirse como lo decida el trabajador,No: al menos 12 días deben ser continuos; el resto lo puedes repartir como tú lo decidas.
P06,vacaciones,respondible,formal,¿En qué plazo debe el patrón conceder las vacaciones una vez cumplido el año de servicios?,LFT:81,Deben concederse dentro de los seis meses siguientes al cumplimiento del año de servicios,Dentro de los seis meses siguientes a que cumplas el año de servicios.
P07,vacaciones,respondible,coloquial,"Renuncié y no alcancé a tomar mis vacaciones, ¿me las tienen que pagar?",LFT:79,"Si la relación termina antes de cumplir el año, se paga una remuneración proporcional al tiempo trabajado","Sí, te deben pagar la parte proporcional de vacaciones según el tiempo trabajado."
P08,aguinaldo,respondible,coloquial,¿Hasta cuándo me tienen que pagar el aguinaldo?,LFT:87,El aguinaldo debe pagarse antes del 20 de diciembre,Antes del 20 de diciembre.
P09,aguinaldo,respondible,formal,¿De cuántos días de salario es el aguinaldo mínimo que establece la ley?,LFT:87,El aguinaldo equivale a por lo menos 15 días de salario,Al menos 15 días de salario.
P10,aguinaldo,respondible,coloquial,"Entré a trabajar en julio, ¿me dan aguinaldo completo?",LFT:87,Quien no ha cumplido el año tiene derecho a la parte proporcional del aguinaldo,No completo: te corresponde la parte proporcional al tiempo trabajado.
P11,aguinaldo,respondible,coloquial,"Me corrieron en octubre, ¿ya perdí mi aguinaldo?",LFT:87,Tiene derecho a la parte proporcional aunque ya no esté laborando en la fecha de pago,No lo pierdes: tienes derecho a la parte proporcional aunque ya no trabajes ahí en diciembre.
P12,aguinaldo,no_respondible,coloquial,¿Cuánto ISR me descuentan del aguinaldo?,,El cálculo del ISR no está en la LFT ni en el artículo 123 (corresponde a la Ley del ISR),No está en estos documentos.
P13,jornada,respondible,coloquial,¿Cuántas horas al día es lo máximo que me pueden poner a trabajar en turno de día?,LFT:61; CPEUM:123:A:I,La jornada diurna máxima es de 8 horas,La jornada diurna máxima es de ocho horas.
P14,horas_extra,respondible,coloquial,¿Cuánto me tienen que pagar por cada hora extra?,LFT:67; CPEUM:123:A:XI,Las horas extraordinarias se pagan con un 100% más del salario de la hora normal (pago doble),"Con un 100% más de lo que vale tu hora normal, es decir, al doble."
P15,horas_extra,respondible,coloquial,"Esta semana ya hice muchísimas horas extra, ¿me las pagan igual aunque me pase del límite?",LFT:68,El tiempo extraordinario que exceda el límite permitido se paga con 200% más del salario (triple) | El trabajador no está obligado a trabajar más del tiempo permitido,"No: lo que exceda el límite se paga con 200% más (triple), y no estás obligado a trabajarlo."
P16,horas_extra,respondible,coloquial,¿Me pueden obligar a quedarme horas extra todos los días?,LFT:66; LFT:68; CPEUM:123:A:XI,La jornada extraordinaria tiene límites legales de horas y de veces | El trabajador no está obligado a prestar servicios por un tiempo mayor al permitido,No sin límite: la ley fija un máximo de tiempo extraordinario y no estás obligado a trabajar más allá de él.
P17,jornada,respondible,formal,¿Qué horario comprende la jornada nocturna y cuál es su duración máxima?,LFT:60; LFT:61,La jornada nocturna es la comprendida entre las 20 y las 6 horas | Su duración máxima es de 7 horas,Es la que va de las 20:00 a las 6:00 horas y dura como máximo siete horas.
P18,jornada,respondible,coloquial,¿Tengo derecho a un descanso para comer a la mitad de mi turno?,LFT:63,Durante la jornada continua se concede un descanso de media hora por lo menos,"Sí, en jornada continua tienes derecho a por lo menos media hora de descanso."
P19,jornada,respondible,coloquial,"Con la reforma de las 40 horas, ¿cuántas horas a la semana es lo máximo que puedo trabajar este año?",LFT:TRANS:2026; CPEUM:TRANS:2026; CPEUM:123:A,La reducción a 40 horas es gradual y concluye en 2030 | En 2026 el máximo sigue siendo de 48 horas semanales,En 2026 el máximo sigue siendo 48 horas; la reducción es gradual hasta llegar a 40 horas en 2030.
P20,descansos,respondible,coloquial,"Si me toca trabajar el 16 de septiembre, ¿me pagan doble?",LFT:74; LFT:75,"El 16 de septiembre es día de descanso obligatorio | Si se trabaja, se paga salario doble además del salario que corresponde por el descanso","Es día de descanso obligatorio; si trabajas, te deben pagar salario doble además de tu salario normal de ese día."
P21,descansos,respondible,coloquial,¿Cuáles son los días festivos que me tienen que dar por ley?,LFT:74,"1 de enero, primer lunes de febrero, tercer lunes de marzo, 1 de mayo, 16 de septiembre, tercer lunes de noviembre y 25 de diciembre son días de descanso obligatorio | También los que determinen las leyes electorales y la transmisión del Poder Ejecutivo","Los días de descanso obligatorio del artículo 74 (1 de enero, primer lunes de febrero, tercer lunes de marzo, 1 de mayo, 16 de septiembre, tercer lunes de noviembre, 25 de diciembre, transmisión del Ejecutivo y jornadas electorales)."
P22,descansos,respondible,coloquial,"Trabajo todos los domingos, ¿me deben pagar algo extra?",LFT:71,Quien trabaja en domingo tiene derecho a una prima adicional de por lo menos 25% sobre el salario de los días ordinarios,"Sí, una prima dominical de al menos 25% sobre tu salario ordinario."
P23,descansos,respondible,formal,¿Cuántos días de descanso semanal establece la ley?,LFT:69; CPEUM:123:A:IV,Por cada seis días de trabajo se disfruta de por lo menos un día de descanso con goce de salario,"Por cada seis días de trabajo, al menos un día de descanso con salario íntegro."
P24,descansos,respondible,coloquial,"Me pidieron ir a trabajar en mi día de descanso, ¿cuánto me tienen que pagar?",LFT:73,"No está obligado a trabajar en su día de descanso | Si trabaja, se le paga un salario doble además del salario que le corresponde por el descanso","No estás obligado; si trabajas, te pagan salario doble además del salario de tu descanso."
P25,incapacidades,respondible,coloquial,"Me lastimé trabajando y me incapacitaron unas semanas, ¿me tienen que pagar mi sueldo?",LFT:491; LFT:473; LFT:474,Un accidente en ejercicio o con motivo del trabajo es riesgo de trabajo | En incapacidad temporal por riesgo de trabajo se paga íntegro el salario mientras dure la imposibilidad de trabajar,"Sí: si es riesgo de trabajo con incapacidad temporal, la indemnización es el pago íntegro de tu salario mientras no puedas trabajar."
P26,incapacidades,respondible,coloquial,"Me caí en la calle cuando iba camino a la oficina, ¿eso cuenta como accidente de trabajo?",LFT:474,Se consideran accidentes de trabajo los que ocurren al trasladarse directamente del domicilio al lugar de trabajo y viceversa,"Sí, si ibas directamente de tu casa al trabajo, la ley lo considera accidente de trabajo."
P27,incapacidades,parcial,coloquial,"Me enfermé de gripa y el IMSS me dio incapacidad de 5 días, ¿me pueden correr por faltar y me pagan esos días?",LFT:42:II; LFT:43,La incapacidad temporal por enfermedad que no es riesgo de trabajo suspende la relación de trabajo sin responsabilidad (no es causa de despido) | Durante la suspensión no hay obligación de pagar salario; el pago de subsidios del IMSS no está en estos documentos,No te pueden despedir por eso: la incapacidad suspende la relación de trabajo. Lo que te pague el IMSS no está regulado en estos documentos.
P28,incapacidades,no_respondible,coloquial,¿Qué porcentaje de mi sueldo me paga el IMSS cuando tengo incapacidad por enfermedad general?,,"El subsidio por enfermedad general está en la Ley del Seguro Social, no en la LFT ni en el artículo 123",No está en estos documentos.
P29,incapacidades,respondible,formal,¿Qué derechos tiene un trabajador que sufre un riesgo de trabajo?,LFT:487,"Asistencia médica y quirúrgica, rehabilitación, hospitalización, medicamentos y material de curación, aparatos de prótesis y ortopedia, e indemnización","Asistencia médica y quirúrgica, rehabilitación, hospitalización, medicamentos, prótesis y la indemnización correspondiente."
P30,incapacidades,respondible,coloquial,"Si por un accidente en el trabajo quedo incapacitado de por vida para trabajar, ¿de cuánto es la indemnización?",LFT:495; LFT:480,"La incapacidad permanente total da derecho a una indemnización de 1,095 días de salario","Para incapacidad permanente total, 1,095 días de salario."
P31,despidos,respondible,coloquial,¿Me pueden correr por estar embarazada?,LFT:133:XV; LFT:170; CPEUM:123:A:V,Está prohibido al patrón despedir a una trabajadora o coaccionarla para que renuncie por estar embarazada,No. La ley prohíbe despedirte o presionarte para renunciar por estar embarazada.
P32,despidos,respondible,coloquial,"Me despidieron de palabra y nunca me dieron nada por escrito, ¿es válido?",LFT:47,El patrón debe dar aviso escrito con la causa del despido | La falta de aviso por sí sola presume que la separación no fue justificada,"El patrón debe darte aviso por escrito con la causa; si no lo hace, se presume que el despido fue injustificado."
P33,despidos,respondible,coloquial,"Si me corren sin justificación, ¿qué puedo exigir?",LFT:48; CPEUM:123:A:XXII,"Puede elegir la reinstalación en su trabajo o una indemnización de tres meses de salario | Además, salarios vencidos hasta por doce meses","Puedes pedir que te reinstalen o una indemnización de tres meses de salario, además de salarios vencidos (hasta 12 meses)."
P34,despidos,respondible,coloquial,¿Cuánto tiempo tengo para demandar a mi empresa si me despidieron?,LFT:518,Las acciones de los despedidos prescriben en dos meses a partir del día siguiente a la separación,"Dos meses, contados a partir del día siguiente al despido."
P35,despidos,parcial,coloquial,¿Me pueden despedir por llegar tarde varias veces?,LFT:47,La ley enumera las causas de rescisión sin responsabilidad para el patrón; los retardos no aparecen expresamente | Sí es causa tener más de tres faltas de asistencia en 30 días sin permiso o causa justificada | Dependerá de los hechos y de causas análogas,Los retardos no aparecen expresamente como causa de despido en la ley; sí lo son más de tres faltas en 30 días sin permiso. Depende del caso.
P36,despidos,respondible,coloquial,"Falté 3 días este mes sin avisar, ¿ya me pueden correr?",LFT:47:X,La causa de rescisión es tener MÁS de tres faltas en un periodo de 30 días sin permiso o causa justificada; tres faltas no alcanzan,"La causa legal es tener más de tres faltas en 30 días sin permiso ni causa justificada; con tres, todavía no se cumple."
P37,despidos,respondible,formal,¿Qué es la prima de antigüedad y en qué casos se paga?,LFT:162,"Es de 12 días de salario por cada año de servicios | Se paga a quienes se separan voluntariamente con al menos 15 años, a quienes se separan por causa justificada y a quienes son separados, con o sin justificación","Son 12 días de salario por año de servicio; se paga al separarse por despido (justificado o no), por causa justificada, o por renuncia con al menos 15 años."
P38,despidos,respondible,coloquial,"Tengo 8 años en la empresa y voy a renunciar, ¿me toca prima de antigüedad?",LFT:162:III,En la separación voluntaria la prima de antigüedad se paga solo si se tienen por lo menos 15 años de servicios; con 8 años no corresponde,"No: si renuncias, la prima de antigüedad solo se paga con al menos 15 años de servicio."
P39,despidos,respondible,coloquial,"Si renuncio, ¿qué me tienen que dar en mi finiquito?",LFT:87; LFT:79; LFT:80,Parte proporcional del aguinaldo | Parte proporcional de vacaciones (y prima vacacional),"Al menos la parte proporcional del aguinaldo y de las vacaciones con su prima vacacional, además de lo que se te deba de salario."
P40,despidos,respondible,coloquial,"Mi jefe me grita y me humilla frente a todos, ¿puedo irme y que me paguen indemnización?",LFT:51:II; LFT:52; LFT:50,"El trabajador puede rescindir la relación sin responsabilidad por malos tratamientos, injurias u hostigamiento del patrón o sus representantes | Tiene derecho a ser indemnizado en los términos del artículo 50 | Tiene un mes para hacerlo",Sí: puedes terminar la relación sin responsabilidad por malos tratos u hostigamiento y tienes derecho a indemnización (art. 50); tienes un mes para hacerlo.
P41,despidos,respondible,coloquial,"Estoy en periodo de prueba, ¿me pueden correr sin pagarme nada?",LFT:39-A,"El periodo de prueba no puede exceder de 30 días (180 para puestos de dirección o especializados) | Si al término no acredita los requisitos, la relación termina sin responsabilidad para el patrón | Durante la prueba se recibe salario y prestaciones","Si al final del periodo (máximo 30 días) no acreditas los requisitos, puede terminar sin responsabilidad para el patrón; durante la prueba sí te deben pagar."
P42,despidos,parcial,coloquial,"Al entrar me hicieron firmar una renuncia sin fecha, ¿eso es válido?",LFT:33,"Es nula la renuncia que hagan los trabajadores a sus derechos | Todo convenio o liquidación debe ser por escrito, con relación circunstanciada de hechos, y ratificado",La ley declara nula la renuncia a tus derechos y exige que los convenios de terminación sean por escrito y ratificados; la ley no habla expresamente de renuncias sin fecha.
P43,salario,respondible,coloquial,¿Cada cuánto me tienen que pagar mi sueldo?,LFT:88,El plazo no puede ser mayor de una semana para quien desempeña trabajo material y de quince días para los demás,Cada semana como máximo si tu trabajo es material; cada quince días como máximo en los demás casos.
P44,salario,respondible,coloquial,"Rompí sin querer un equipo de la empresa, ¿me lo pueden descontar de mi sueldo?",LFT:110:I,"Los descuentos al salario están prohibidos salvo los casos de la ley | Se permite descontar deudas con el patrón por pérdidas o averías, sin exceder el 30% del excedente del salario mínimo","Solo en los casos que permite la ley: las deudas por pérdidas o averías pueden descontarse, pero sin exceder el 30% del excedente del salario mínimo."
P45,salario,respondible,coloquial,"Mi compañero hace exactamente lo mismo que yo y gana más porque es hombre, ¿es legal?",LFT:86; CPEUM:123:A:VII,"A trabajo igual, desempeñado en puesto, jornada y condiciones iguales, corresponde salario igual | No se puede distinguir por sexo","No: a trabajo igual corresponde salario igual, sin distinción de sexo."
P46,salario,no_respondible,coloquial,¿Cuánto es el salario mínimo este año?,,El monto vigente lo fija la Comisión Nacional de los Salarios Mínimos; no está en la LFT ni en el artículo 123,No está en estos documentos.
P47,salario,respondible,coloquial,¿Me pueden pagar todo el sueldo en vales de despensa en vez de dinero?,LFT:101; CPEUM:123:A:X,"El salario en efectivo debe pagarse en moneda de curso legal | No se permite pagarlo en mercancías, vales, fichas u otro sustituto de la moneda","No. El salario debe pagarse en moneda de curso legal, no en vales ni mercancías."
P48,ptu,respondible,coloquial,¿Cuándo me tienen que pagar las utilidades?,LFT:122,El reparto debe hacerse dentro de los 60 días siguientes a la fecha en que deba pagarse el impuesto anual,Dentro de los 60 días siguientes a la fecha en que la empresa deba pagar su impuesto anual.
P49,ptu,respondible,coloquial,"Soy eventual, ¿también me toca reparto de utilidades?",LFT:127:VII,Los trabajadores eventuales participan si trabajaron por lo menos 60 días durante el año,"Sí, si trabajaste al menos 60 días durante el año."
P50,ptu,respondible,formal,¿Existe un límite máximo al monto de la participación de utilidades que recibe cada trabajador?,LFT:127:VIII,"Tiene un tope de tres meses de salario o el promedio de la participación recibida en los últimos tres años, lo que sea más favorable","Sí: tres meses de salario o el promedio de lo recibido en los últimos tres años, lo que te favorezca más."
P51,maternidad,respondible,coloquial,"Voy a tener un bebé, ¿cuántas semanas de incapacidad por maternidad me tocan?",LFT:170:II; CPEUM:123:A:V,Seis semanas de descanso antes y seis después del parto | Con autorización médica se pueden transferir hasta cuatro semanas de antes para después del parto,Seis semanas antes y seis después del parto; puedes pasar hasta cuatro de las previas a después del parto con autorización médica.
P52,maternidad,respondible,coloquial,"Acaba de nacer mi hija, ¿cuántos días de permiso tengo como papá?",LFT:132:XXVII Bis,Permiso de paternidad de cinco días laborables con goce de sueldo,Cinco días laborables con goce de sueldo.
P53,maternidad,respondible,coloquial,"Regresé de la incapacidad de maternidad, ¿tengo derecho a tiempo para amamantar?",LFT:170:IV,"En el periodo de lactancia, hasta por seis meses, dos reposos extraordinarios de media hora por día o reducción de una hora de la jornada","Sí: hasta seis meses, dos descansos de media hora al día o reducir una hora tu jornada."
P54,contrato,respondible,coloquial,"Nunca firmé contrato, ¿entonces no tengo derechos?",LFT:26,La falta de contrato escrito no priva al trabajador de sus derechos | La falta de esa formalidad se imputa al patrón,Sí tienes derechos: la falta de contrato escrito es responsabilidad del patrón y no te quita derechos.
P55,teletrabajo,respondible,coloquial,"Trabajo desde casa, ¿la empresa me tiene que pagar el internet y la luz?",LFT:330-E,"El patrón debe asumir los costos del teletrabajo, incluyendo telecomunicaciones y la parte proporcional de electricidad | Debe proporcionar el equipo necesario","Sí: el patrón debe asumir los costos del teletrabajo, incluidos los servicios de telecomunicación y la parte proporcional de la electricidad."
P56,contrato,respondible,coloquial,"Me contrataron por medio de una agencia de outsourcing para trabajar en otra empresa, ¿es legal?",LFT:12; LFT:13,"Está prohibida la subcontratación de personal | Solo se permite la subcontratación de servicios especializados u obras especializadas que no formen parte del objeto social ni la actividad preponderante del beneficiario, con registro","La subcontratación de personal está prohibida; solo se permiten servicios u obras especializadas, registradas, que no sean la actividad principal de la empresa que recibe el servicio."
P57,contrato,respondible,formal,¿A partir de qué edad está permitido trabajar en México?,LFT:22; CPEUM:123:A:III,Está prohibido el trabajo de menores de quince años | Los mayores de 15 y menores de 18 pueden trabajar con restricciones,"A partir de los 15 años, con restricciones hasta los 18; el trabajo de menores de 15 está prohibido."
P58,fuera_de_alcance,no_respondible,coloquial,¿Cuánto vale la UMA en 2026?,,El valor de la UMA lo publica el INEGI; no está en estos documentos,No está en estos documentos.
P59,fuera_de_alcance,no_respondible,coloquial,¿Cómo retiro mi dinero de la Afore si me quedo sin trabajo?,,Los retiros de la Afore se rigen por la Ley del Seguro Social y la Ley del SAR; no están en estos documentos,No está en estos documentos.
P60,fuera_de_alcance,no_respondible,coloquial,"Falleció mi papá, ¿cuántos días de permiso por luto me corresponden por ley?",,La LFT no establece un permiso por fallecimiento de un familiar,La LFT y el artículo 123 no establecen un permiso por luto.
P61,fuera_de_alcance,no_respondible,coloquial,¿Con cuántos puntos puedo sacar un crédito Infonavit?,,Los requisitos de crédito se rigen por la Ley del INFONAVIT y sus reglas; no están en estos documentos,No está en estos documentos.
P62,fuera_de_alcance,no_respondible,coloquial,¿Cuál es la política de home office de mi empresa?,,Las políticas internas de la empresa no están en la ley,No está en estos documentos.
P63,fuera_de_alcance,no_respondible,coloquial,¿Cuántos días de vacaciones dan por ley en Estados Unidos?,,La legislación de otros países no está en estos documentos,No está en estos documentos.
